{
  "name"              : "GenteClic",
  "plugin"            : "plugin.video.balandro",
  "priority"          : 23,
  "is_resolvable"     : "true",
  "make_playlist"     : "upnext",
  "play_movie"        : [
                          "plugin://plugin.video.balandro/?channel=genteclic&action=search&search_type=movie&buscando={title}",
                          {"title": "(?i)^(\\[.*\\])?.*{title}.*(\\[.*\\])?$", "year": "{year}"}
                        ],
  "play_episode"      : [
                          "plugin://plugin.video.balandro/?channel=genteclic&action=search&search_type=tvshow&buscando={showname}",
                          {"title": "(?i)^(\\[.*\\])?.*{showname}.*(\\[.*\\])?$"},
                          {"return": "true", "season": "{season}", "episode": "{episode}"},
                          {"season": "{season}"},
                          {"season": "{season}", "episode": "{episode}"}
                        ]
}