{
  "name"              : "PeliculasPro",
  "plugin"            : "plugin.video.balandro",
  "priority"          : 39,
  "is_resolvable"     : "true",
  "make_playlist"     : "upnext",
  "play_movie"        : [
                          "plugin://plugin.video.balandro/?channel=peliculaspro&action=search&search_type=movie&buscando={title}",
                          {"title": "(?i)^(\\[.*\\])?.*{title}.*(\\[.*\\])?$", "year": "{year}"}
                        ],
  "play_episode"      : [
                          "plugin://plugin.video.balandro/?channel=peliculaspro&action=search&search_type=tvshow&buscando={showname}",
                          {"title": "(?i)^(\\[.*\\])?.*{showname}.*(\\[.*\\])?$", "year": "{year}"},
                          {"return": "true", "season": "{season}", "episode": "{episode}"},
                          {"season": "{season}"},
                          {"season": "{season}", "episode": "{episode}"}
                        ],
  "fallback"          : {
                          "play_movie": "Pelis28Re.json play_movie",
                          "play_episode": "Pelis28Re.json play_episode"
                        }
}