{
  "name"              : "reproducción manual",
  "plugin"            : "plugin.video.balandro",
  "priority"          : 100,
  "is_resolvable"     : "true",
  "make_playlist"     : "upnext",
  "play_movie"        : [
                          "plugin://plugin.video.balandro/?channel=search&action=search&search_type=movie&buscando={title}",
                          {"dialog": "true"}
                        ],
  "play_episode"      : [
                          "plugin://plugin.video.balandro/?channel=search&action=search&search_type=tvshow&buscando={showname}",
                          {"dialog": "true"}
                        ]
}