{
  "name"              : "ZoowoManiacos",
  "plugin"            : "plugin.video.balandro",
  "priority"          : 63,
  "is_resolvable"     : "true",
  "make_playlist"     : "upnext",
  "play_movie"        : [
                          "plugin://plugin.video.balandro/?channel=zoowomaniacos&action=search&search_type=movie&buscando={title}",
                          {"title": "(?i)^(\\[.*\\])?.*{title}.*(\\[.*\\])?$", "year": "{year}"}
                        ],
  "play_episode"      : [
                          "plugin://plugin.video.balandro/?channel=zoowomaniacos&action=search&search_type=tvshow&buscando={showname}",
                          {"title": "(?i)^(\\[.*\\])?.*{showname}.*(\\[.*\\])?$", "year": "{year}"},
                          {"return": "true", "season": "{season}", "episode": "{episode}"},
                          {"season": "{season}"},
                          {"season": "{season}", "episode": "{episode}"}
                        ]
}